Store_Location,Monthly_Sales,Total_Transactions,Total_Revenue,Average_Revenue,Store_Rank
Denver,2025-10,291,47434.75,163.0060,1
Denver,2025-11,189,32879.31,173.9646,2
Denver,2025-01,231,32229.52,139.5217,3
Denver,2025-07,207,31909.02,154.1499,4
Denver,2025-12,216,31561.42,146.1177,5
Greeley,2025-10,192,30881.41,160.8407,6
Denver,2025-08,188,30378.20,161.5862,7
Denver,2025-05,249,29923.56,120.1749,8
Denver,2025-09,163,26624.75,163.3420,9
Denver,2025-03,213,26498.68,124.4069,10
Denver,2025-02,214,26122.33,122.0670,11
Denver,2025-06,247,23831.46,96.4836,12
Greeley,2025-11,129,22069.56,171.0819,13
Denver,2025-04,243,21806.41,89.7383,14
Denver,2023-08,133,21806.26,163.9568,15
Denver,2024-07,133,21806.26,163.9568,15
Greeley,2025-04,184,21637.67,117.5960,17
Littleton,2025-10,108,21562.22,199.6502,18
Denver,2024-08,132,21485.37,162.7680,19
Greeley,2025-05,173,21070.50,121.7948,20
Denver,2023-12,130,20948.11,161.1393,21
Denver,2023-09,128,20945.31,163.6352,22
Greeley,2025-09,131,20734.91,158.2818,23
Denver,2024-11,127,20581.05,162.0555,24
Denver,2022-08,82,20298.26,247.5398,25
Greeley,2025-03,139,20133.89,144.8481,26
"Fort Collins",2025-10,100,19053.15,190.5315,27
Greeley,2025-07,124,18995.83,153.1922,28
Loveland,2025-10,103,18854.17,183.0502,29
Lafayette,2024-01,57,18203.35,319.3570,30
Lafayette,2023-02,53,17682.59,333.6338,31
Greeley,2025-02,120,17664.53,147.2044,32
Sedalia,2025-10,93,17532.49,188.5214,33
Denver,2023-01,125,17440.72,139.5258,34
Denver,2024-12,125,17440.72,139.5258,34
"Castle Rock",2025-10,105,17370.62,165.4345,36
Greeley,2023-08,98,17339.63,176.9350,37
Greeley,2024-07,98,17339.63,176.9350,37
Greeley,2024-10,92,17206.47,187.0268,39
Denver,2023-10,123,17038.64,138.5255,40
Aurora,2025-10,96,16868.16,175.7100,41
Denver,2022-05,89,16862.27,189.4637,42
Berthoud,2025-10,123,16854.32,137.0270,43
"Grand Junction",2025-03,86,16778.63,195.1003,44
Englewood,2025-08,69,16731.90,242.4913,45
Denver,2022-07,95,16689.52,175.6792,46
Greeley,2023-11,88,16656.44,189.2777,47
Greeley,2025-08,110,16648.37,151.3488,48
Denver,2024-01,131,16504.72,125.9902,49
Denver,2024-09,119,16498.58,138.6435,50
Greeley,2023-05,82,16408.02,200.0978,51
Greeley,2024-04,80,16209.80,202.6225,52
Denver,2024-05,138,16137.61,116.9392,53
Denver,2024-03,128,16103.14,125.8058,54
Denver,2023-04,127,16091.14,126.7019,55
Denver,2023-02,121,15986.07,132.1163,56
Denver,2023-07,121,15788.42,130.4828,57
Denver,2023-06,133,15737.10,118.3241,58
Thornton,2025-10,100,15620.15,156.2015,59
Greeley,2025-12,123,15496.70,125.9894,60
Denver,2024-06,116,15387.91,132.6544,61
Sedalia,2025-05,90,15342.53,170.4726,62
Milliken,2025-10,107,15022.92,140.4011,63
Boulder,2025-08,66,14739.46,223.3252,64
Littleton,2025-11,85,14734.17,173.3432,65
Greeley,2025-06,170,14422.26,84.8368,66
Lafayette,2025-10,101,14369.16,142.2689,67
Sedalia,2025-12,76,14360.04,188.9479,68
"Fort Collins",2025-01,66,14334.42,217.1882,69
"Wheat Ridge",2025-10,99,14304.74,144.4923,70
Parker,2025-10,100,14255.53,142.5553,71
"New Castle",2025-10,94,13934.03,148.2344,72
Greeley,2023-01,93,13912.35,149.5952,73
Greeley,2024-12,93,13912.35,149.5952,73
Greeley,2023-07,89,13822.19,155.3055,75
Denver,2022-02,72,13781.66,191.4119,76
Boulder,2025-09,68,13698.19,201.4440,77
Greeley,2024-06,87,13576.25,156.0489,78
Denver,2022-12,94,13542.50,144.0691,79
Aurora,2025-08,60,13447.40,224.1233,80
Boulder,2025-10,89,13367.82,150.2002,81
Aurora,2025-12,79,13366.63,169.1978,82
Littleton,2025-08,80,13192.13,164.9016,83
"Wheat Ridge",2025-05,79,13063.03,165.3548,84
Greeley,2025-01,143,12908.06,90.2662,85
Boulder,2025-07,49,12888.16,263.0237,86
Denver,2022-06,80,12862.59,160.7824,87
Denver,2023-03,101,12828.58,127.0156,88
Denver,2024-10,126,12822.71,101.7675,89
Denver,2024-02,97,12727.96,131.2161,90
Englewood,2025-07,74,12671.07,171.2307,91
Thornton,2025-12,76,12646.59,166.4025,92
Englewood,2025-11,65,12515.97,192.5534,93
Denver,2023-11,123,12455.65,101.2654,94
Greeley,2024-03,91,12436.19,136.6614,95
Denver,2022-11,67,12432.97,185.5667,96
Denver,2023-05,113,12379.16,109.5501,97
Sedalia,2025-07,71,12369.77,174.2221,98
Greeley,2023-12,94,12368.39,131.5786,99
Denver,2024-04,112,12367.16,110.4211,100
"Castle Rock",2025-12,66,12250.19,185.6089,101
Milliken,2025-09,66,12242.58,185.4936,102
Greeley,2023-04,89,12237.97,137.5053,103
"Grand Junction",2025-12,82,12221.92,149.0478,104
Parker,2025-07,55,12103.49,220.0635,105
Greeley,2023-03,82,12084.49,147.3718,106
"New Castle",2025-06,86,12076.04,140.4191,107
"Grand Junction",2025-09,66,12036.54,182.3718,108
Milliken,2025-01,60,12017.09,200.2848,109
Greeley,2022-11,54,12008.24,222.3748,110
"Fort Collins",2025-08,70,11988.03,171.2576,111
Englewood,2025-10,100,11967.82,119.6782,112
Aurora,2025-11,63,11956.57,189.7868,113
"Castle Rock",2025-11,81,11927.00,147.2469,114
Greeley,2024-11,90,11818.36,131.3151,115
Greeley,2022-10,60,11779.21,196.3202,116
Denver,2022-03,58,11652.69,200.9084,117
Loveland,2025-06,91,11593.07,127.3964,118
"Fort Collins",2025-12,73,11576.71,158.5851,119
Aurora,2025-02,51,11562.72,226.7200,120
"Grand Junction",2025-10,92,11509.36,125.1017,121
Aurora,2025-03,73,11385.55,155.9664,122
Thornton,2025-11,74,11358.82,153.4976,123
Loveland,2025-08,66,11261.28,170.6255,124
Greeley,2022-05,63,11248.65,178.5500,125
Greeley,2024-02,78,11240.07,144.1035,126
Sedalia,2025-11,72,11222.20,155.8639,127
Lafayette,2025-12,81,11200.11,138.2730,128
Thornton,2025-01,75,11170.44,148.9392,129
Lafayette,2025-01,77,11143.84,144.7252,130
"Grand Junction",2025-11,63,11054.13,175.4624,131
Parker,2025-12,60,11049.33,184.1555,132
"New Castle",2025-04,82,11038.75,134.6189,133
Englewood,2023-05,40,10998.42,274.9605,134
Lafayette,2025-05,98,10977.65,112.0168,135
Loveland,2025-09,67,10958.75,163.5634,136
Englewood,2025-04,87,10951.21,125.8760,137
Lafayette,2023-05,43,10936.00,254.3256,138
Parker,2025-11,64,10906.35,170.4117,139
"Grand Junction",2025-05,94,10894.67,115.9007,140
"Castle Rock",2024-08,41,10859.79,264.8729,141
"Grand Junction",2025-07,60,10850.58,180.8430,142
Lafayette,2024-04,40,10749.40,268.7350,143
Englewood,2024-04,37,10712.09,289.5159,144
Denver,2022-04,89,10664.72,119.8283,145
"Castle Rock",2023-09,40,10594.72,264.8680,146
Loveland,2025-11,54,10589.84,196.1081,147
Berthoud,2025-05,95,10576.05,111.3268,148
Boulder,2025-01,69,10534.06,152.6675,149
Aurora,2024-03,56,10526.70,187.9768,150
"Fort Collins",2025-04,94,10522.06,111.9368,151
Loveland,2025-12,82,10486.30,127.8817,152
Denver,2022-01,74,10467.31,141.4501,153
Denver,2022-09,84,10400.98,123.8212,154
"New Castle",2025-08,66,10394.17,157.4874,155
Aurora,2023-04,52,10391.20,199.8308,156
"Grand Junction",2024-05,41,10388.85,253.3866,157
"Grand Junction",2023-06,40,10327.71,258.1928,158
Sedalia,2025-09,74,10323.91,139.5123,159
Boulder,2025-06,96,10313.59,107.4332,160
"Fort Collins",2025-09,69,10305.27,149.3517,161
Greeley,2023-10,60,10302.51,171.7085,162
Greeley,2024-05,72,10265.68,142.5789,163
Milliken,2025-07,55,10259.51,186.5365,164
Englewood,2023-01,40,10212.18,255.3045,165
Englewood,2024-12,40,10212.18,255.3045,165
Greeley,2024-09,58,10205.79,175.9619,167
"Wheat Ridge",2025-08,69,10201.98,147.8548,168
"Wheat Ridge",2024-08,53,10190.34,192.2706,169
"New Castle",2025-05,83,10162.86,122.4441,170
"Fort Collins",2025-07,69,10140.29,146.9607,171
Thornton,2025-06,93,10120.86,108.8265,172
"Wheat Ridge",2025-03,65,10117.71,155.6571,173
Greeley,2023-06,70,10019.74,143.1391,174
Greeley,2022-12,54,10011.02,185.3893,175
"New Castle",2023-07,53,9987.08,188.4355,176
"New Castle",2024-06,51,9944.78,194.9957,177
"Wheat Ridge",2025-02,67,9935.38,148.2893,178
Loveland,2025-07,64,9887.70,154.4953,179
Loveland,2025-02,51,9876.09,193.6488,180
"Wheat Ridge",2023-09,51,9858.82,193.3102,181
"New Castle",2025-11,62,9806.16,158.1639,182
Parker,2025-08,71,9771.03,137.6201,183
Sedalia,2023-10,40,9764.88,244.1220,184
Thornton,2024-10,52,9764.70,187.7827,185
Thornton,2023-11,51,9754.60,191.2667,186
"Fort Collins",2025-02,59,9754.56,165.3315,187
Boulder,2025-11,82,9711.72,118.4356,188
Greeley,2022-01,61,9680.14,158.6908,189
"Castle Rock",2025-08,60,9660.58,161.0097,190
"New Castle",2025-02,63,9649.98,153.1743,191
Englewood,2025-09,75,9570.97,127.6129,192
Englewood,2025-03,78,9557.23,122.5286,193
Boulder,2024-03,58,9552.39,164.6964,194
Lafayette,2025-03,74,9521.84,128.6735,195
"Fort Collins",2025-03,63,9500.68,150.8044,196
Boulder,2024-08,38,9499.69,249.9918,197
"Fort Collins",2023-03,36,9487.20,263.5333,198
Thornton,2025-09,63,9479.97,150.4757,199
Sedalia,2024-09,39,9468.28,242.7764,200
Boulder,2023-04,56,9441.22,168.5932,201
Littleton,2025-09,45,9413.88,209.1973,202
"Wheat Ridge",2025-07,64,9410.99,147.0467,203
Boulder,2025-12,63,9389.49,149.0395,204
"Fort Collins",2024-02,34,9388.94,276.1453,205
Boulder,2023-09,36,9350.13,259.7258,206
Sedalia,2024-01,50,9342.70,186.8540,207
Lafayette,2024-03,49,9342.52,190.6637,208
"Castle Rock",2023-07,47,9305.31,197.9853,209
Aurora,2025-09,65,9286.13,142.8635,210
"Castle Rock",2025-01,66,9278.92,140.5897,211
"Castle Rock",2024-06,45,9269.57,205.9904,212
Littleton,2024-08,52,9251.08,177.9054,213
Littleton,2023-09,51,9239.08,181.1584,214
"Grand Junction",2025-01,70,9209.44,131.5634,215
Greeley,2022-09,48,9203.65,191.7427,216
Berthoud,2025-03,65,9165.75,141.0115,217
"Fort Collins",2025-11,75,9160.11,122.1348,218
Lafayette,2023-04,46,9155.92,199.0417,219
"New Castle",2025-03,53,9129.25,172.2500,220
Milliken,2025-11,65,9106.48,140.0997,221
Littleton,2025-06,77,9071.02,117.8055,222
Englewood,2025-02,57,9017.08,158.1944,223
Englewood,2023-08,51,9012.16,176.7090,224
Englewood,2024-07,51,9012.16,176.7090,224
Parker,2023-08,45,9006.26,200.1391,226
Parker,2024-07,45,9006.26,200.1391,226
Thornton,2025-07,63,8981.61,142.5652,228
"Wheat Ridge",2023-06,39,8888.59,227.9126,229
"Wheat Ridge",2024-05,39,8888.59,227.9126,229
Berthoud,2023-07,53,8849.63,166.9742,231
Englewood,2025-12,68,8750.47,128.6834,232
Greeley,2024-08,80,8672.34,108.4043,233
Sedalia,2025-03,61,8665.47,142.0569,234
"Fort Collins",2023-07,52,8635.93,166.0756,235
Thornton,2025-08,68,8626.59,126.8616,236
Boulder,2024-01,52,8621.54,165.7988,237
Greeley,2023-09,78,8575.62,109.9438,238
Greeley,2022-04,43,8544.25,198.7035,239
Greeley,2024-01,93,8531.45,91.7360,240
Sedalia,2023-05,34,8522.02,250.6476,241
Loveland,2023-07,38,8518.59,224.1734,242
Loveland,2024-06,38,8518.59,224.1734,242
"New Castle",2025-07,66,8512.84,128.9824,244
Sedalia,2023-03,32,8511.25,265.9766,245
Englewood,2023-12,42,8501.98,202.4281,246
Lafayette,2025-06,90,8463.95,94.0439,247
Lafayette,2025-08,62,8414.74,135.7216,248
Sedalia,2024-03,58,8410.56,145.0097,249
"Castle Rock",2025-05,82,8396.75,102.3994,250
Lafayette,2025-04,75,8363.53,111.5137,251
"Grand Junction",2022-07,30,8318.25,277.2750,252
Englewood,2024-11,41,8313.78,202.7751,253
Sedalia,2024-04,32,8294.03,259.1884,254
"Castle Rock",2025-07,54,8266.07,153.0754,255
"New Castle",2025-01,62,8260.62,133.2358,256
Berthoud,2025-08,56,8258.04,147.4650,257
"Wheat Ridge",2024-01,51,8229.16,161.3561,258
Sedalia,2023-04,56,8182.57,146.1173,259
"Grand Junction",2023-07,50,8138.98,162.7796,260
Parker,2025-09,67,8138.44,121.4693,261
Lafayette,2023-11,45,8136.62,180.8138,262
Lafayette,2024-10,45,8136.62,180.8138,262
Berthoud,2025-02,66,8125.58,123.1148,264
Lafayette,2023-09,36,8107.14,225.1983,265
Lafayette,2024-08,36,8107.14,225.1983,265
Loveland,2025-04,90,8104.71,90.0523,267
Thornton,2025-05,99,8101.73,81.8357,268
"Grand Junction",2024-06,49,8077.84,164.8539,269
Boulder,2023-05,37,8061.47,217.8776,270
Aurora,2025-04,89,8024.43,90.1621,271
Berthoud,2024-08,37,7982.92,215.7546,272
Berthoud,2023-09,36,7976.90,221.5806,273
"Castle Rock",2024-10,46,7970.06,173.2622,274
Berthoud,2025-04,81,7955.56,98.2168,275
Boulder,2024-04,35,7950.30,227.1514,276
Littleton,2024-03,44,7941.94,180.4986,277
"New Castle",2024-08,40,7924.85,198.1213,278
Greeley,2022-03,58,7922.74,136.5990,279
Littleton,2025-07,72,7908.68,109.8428,280
Littleton,2023-04,42,7908.55,188.2988,281
"New Castle",2023-09,38,7877.25,207.2961,282
"New Castle",2024-01,49,7872.79,160.6692,283
Littleton,2025-12,68,7857.97,115.5584,284
Sedalia,2025-06,68,7847.76,115.4082,285
Berthoud,2025-09,68,7840.68,115.3041,286
Sedalia,2024-08,46,7829.59,170.2085,287
Littleton,2025-01,65,7828.46,120.4378,288
Milliken,2024-03,43,7822.04,181.9079,289
Lafayette,2025-09,50,7813.95,156.2790,290
Littleton,2025-04,93,7809.50,83.9731,291
Thornton,2025-02,57,7793.42,136.7267,292
"Fort Collins",2025-06,79,7788.60,98.5899,293
Milliken,2023-04,41,7788.02,189.9517,294
"Castle Rock",2023-11,44,7777.71,176.7661,295
Boulder,2023-02,45,7757.84,172.3964,296
Loveland,2023-10,43,7742.08,180.0484,297
Milliken,2023-12,53,7739.94,146.0366,298
"Grand Junction",2023-08,43,7695.92,178.9749,299
"Grand Junction",2024-07,43,7695.92,178.9749,299
Greeley,2023-02,89,7687.03,86.3711,301
Englewood,2024-10,48,7683.09,160.0644,302
Milliken,2025-05,83,7650.27,92.1719,303
Milliken,2025-04,94,7648.43,81.3663,304
Sedalia,2025-01,67,7636.00,113.9701,305
Sedalia,2023-02,44,7626.62,173.3323,306
Boulder,2022-04,33,7625.27,231.0688,307
Aurora,2023-07,55,7615.79,138.4689,308
Aurora,2024-06,54,7591.51,140.5835,309
Milliken,2024-11,51,7575.18,148.5329,310
Thornton,2023-07,52,7555.81,145.3040,311
Loveland,2022-09,33,7549.83,228.7827,312
"Grand Junction",2025-04,79,7543.51,95.4875,313
Sedalia,2023-09,45,7532.99,167.3998,314
Loveland,2025-03,69,7523.79,109.0404,315
Englewood,2023-11,47,7494.89,159.4657,316
Thornton,2023-01,42,7475.28,177.9829,317
Thornton,2024-12,42,7475.28,177.9829,317
"Grand Junction",2025-06,84,7418.24,88.3124,319
"Castle Rock",2023-03,48,7408.15,154.3365,320
"Wheat Ridge",2025-11,73,7378.45,101.0747,321
Sedalia,2025-02,47,7373.55,156.8840,322
Boulder,2025-04,82,7368.41,89.8587,323
Loveland,2024-09,40,7348.28,183.7070,324
Lafayette,2022-05,37,7322.53,197.9062,325
"Castle Rock",2024-02,45,7318.09,162.6242,326
Denver,2022-10,94,7308.30,77.7479,327
Milliken,2025-08,69,7302.71,105.8364,328
Berthoud,2024-05,42,7250.68,172.6352,329
Lafayette,2022-09,32,7233.90,226.0594,330
Loveland,2023-03,47,7233.76,153.9098,331
Berthoud,2025-11,52,7225.77,138.9571,332
Parker,2023-01,56,7217.72,128.8879,333
Parker,2024-12,56,7217.72,128.8879,333
Littleton,2023-10,43,7193.00,167.2791,335
"Wheat Ridge",2025-06,85,7184.17,84.5196,336
Littleton,2024-09,42,7181.00,170.9762,337
Greeley,2022-07,55,7175.40,130.4618,338
"New Castle",2023-02,45,7172.52,159.3893,339
Lafayette,2025-02,55,7149.19,129.9853,340
Milliken,2025-03,67,7147.48,106.6788,341
Berthoud,2024-06,50,7094.03,141.8806,342
"New Castle",2025-09,52,7092.19,136.3883,343
Milliken,2023-06,45,7091.41,157.5869,344
Milliken,2024-05,45,7091.41,157.5869,344
Aurora,2022-03,29,7089.67,244.4714,346
Boulder,2024-10,41,7053.97,172.0480,347
Boulder,2023-01,49,7043.22,143.7392,348
Boulder,2024-12,49,7043.22,143.7392,348
Berthoud,2025-07,69,7031.13,101.9004,350
Boulder,2023-11,40,7022.08,175.5520,351
Lafayette,2023-06,49,6976.33,142.3741,352
Lafayette,2024-05,49,6976.33,142.3741,352
Sedalia,2024-02,27,6960.67,257.8026,354
Englewood,2025-06,86,6947.08,80.7800,355
Englewood,2022-02,38,6946.48,182.8021,356
Berthoud,2023-10,40,6946.05,173.6513,357
Berthoud,2024-09,39,6940.03,177.9495,358
"Wheat Ridge",2025-01,73,6922.91,94.8344,359
Milliken,2025-06,75,6893.88,91.9184,360
Milliken,2025-02,55,6866.27,124.8413,361
Boulder,2025-05,97,6845.76,70.5748,362
Thornton,2024-06,50,6840.80,136.8160,363
Aurora,2024-01,51,6810.61,133.5414,364
Englewood,2025-05,98,6759.04,68.9698,365
Boulder,2023-08,49,6733.22,137.4127,366
Boulder,2024-07,49,6733.22,137.4127,366
"Fort Collins",2024-06,49,6715.59,137.0529,368
Parker,2022-06,22,6705.50,304.7955,369
Parker,2024-10,38,6702.05,176.3697,370
"Wheat Ridge",2025-12,58,6701.19,115.5378,371
Loveland,2024-02,39,6694.34,171.6497,372
Englewood,2024-03,45,6668.73,148.1940,373
Parker,2023-11,37,6654.44,179.8497,374
"Castle Rock",2024-05,37,6653.45,179.8230,375
Lafayette,2025-11,52,6638.12,127.6562,376
Berthoud,2025-12,57,6633.38,116.3751,377
"Castle Rock",2022-06,30,6628.44,220.9480,378
"Castle Rock",2023-06,35,6617.71,189.0774,379
Aurora,2023-08,47,6579.21,139.9832,380
Aurora,2024-07,47,6579.21,139.9832,380
Lafayette,2025-07,45,6576.27,146.1393,382
Boulder,2025-03,70,6557.67,93.6810,383
Sedalia,2022-07,27,6552.82,242.6970,384
Parker,2025-04,82,6548.26,79.8568,385
Parker,2022-07,28,6540.83,233.6011,386
Thornton,2023-10,41,6538.33,159.4715,387
Thornton,2024-09,40,6525.20,163.1300,388
Boulder,2022-03,31,6513.60,210.1161,389
"Grand Junction",2022-04,28,6501.92,232.2114,390
Aurora,2025-06,81,6498.49,80.2283,391
Aurora,2023-01,45,6496.05,144.3567,392
Aurora,2024-12,45,6496.05,144.3567,392
Englewood,2022-09,29,6478.18,223.3855,394
Englewood,2022-04,32,6467.13,202.0978,395
"New Castle",2025-12,61,6466.38,106.0062,396
"Grand Junction",2023-01,42,6451.46,153.6062,397
"Grand Junction",2024-12,42,6451.46,153.6062,397
Greeley,2022-02,53,6435.94,121.4328,399
"Fort Collins",2023-08,57,6433.94,112.8761,400
"Fort Collins",2024-07,57,6433.94,112.8761,400
Littleton,2023-01,36,6419.95,178.3319,402
Littleton,2024-12,36,6419.95,178.3319,402
Englewood,2023-04,42,6382.40,151.9619,404
Loveland,2025-05,87,6351.19,73.0022,405
Thornton,2025-03,53,6337.41,119.5738,406
Aurora,2022-10,29,6329.77,218.2679,407
Milliken,2023-03,42,6329.45,150.7012,408
"Castle Rock",2025-04,81,6292.32,77.6830,409
"Fort Collins",2023-11,46,6269.37,136.2907,410
"Fort Collins",2024-10,46,6269.37,136.2907,410
Parker,2025-05,86,6265.83,72.8585,412
"New Castle",2023-01,41,6264.70,152.7976,413
"New Castle",2024-12,41,6264.70,152.7976,413
Milliken,2025-12,72,6256.93,86.9018,415
"Castle Rock",2025-06,87,6202.04,71.2878,416
"Wheat Ridge",2023-05,40,6179.87,154.4968,417
Berthoud,2023-01,40,6157.35,153.9338,418
Berthoud,2024-12,40,6157.35,153.9338,418
"Fort Collins",2022-12,26,6134.07,235.9258,420
"Castle Rock",2023-01,27,6131.45,227.0907,421
"Castle Rock",2024-12,27,6131.45,227.0907,421
"New Castle",2023-05,47,6118.56,130.1821,423
"Fort Collins",2022-05,32,6112.04,191.0013,424
Aurora,2023-10,40,6099.32,152.4830,425
"Wheat Ridge",2024-04,38,6098.37,160.4834,426
"New Castle",2024-04,46,6088.40,132.3565,427
Aurora,2024-09,39,6072.92,155.7159,428
Milliken,2024-02,39,6071.43,155.6777,429
Littleton,2024-05,42,6070.76,144.5419,430
Englewood,2022-01,31,6069.84,195.8013,431
"Grand Junction",2024-10,38,6069.39,159.7208,432
Aurora,2025-01,67,6067.99,90.5670,433
Loveland,2023-12,37,6056.95,163.7014,434
Loveland,2024-11,36,6050.95,168.0819,435
Loveland,2024-08,36,6048.98,168.0272,436
Parker,2024-08,50,6041.17,120.8234,437
Boulder,2023-12,46,6038.76,131.2774,438
"Grand Junction",2023-11,37,6011.69,162.4781,439
Boulder,2024-11,45,6006.87,133.4860,440
Berthoud,2025-01,58,6003.16,103.5028,441
Englewood,2022-07,31,6003.15,193.6500,442
Littleton,2023-06,39,5988.16,153.5426,443
Milliken,2022-09,27,5985.02,221.6674,444
Greeley,2022-08,52,5982.16,115.0415,445
Englewood,2022-10,28,5979.65,213.5589,446
"Fort Collins",2022-06,30,5976.87,199.2290,447
"Grand Junction",2025-02,51,5970.04,117.0596,448
Englewood,2024-01,31,5961.96,192.3213,449
Thornton,2025-04,86,5942.34,69.0970,450
Parker,2023-04,36,5938.36,164.9544,451
Parker,2024-03,36,5938.36,164.9544,451
Parker,2023-09,49,5914.99,120.7141,453
Sedalia,2023-08,44,5903.16,134.1627,454
Sedalia,2024-07,44,5903.16,134.1627,454
Parker,2022-10,25,5886.82,235.4728,456
Aurora,2025-07,72,5877.57,81.6329,457
Aurora,2024-10,45,5876.03,130.5784,458
Aurora,2023-11,43,5840.47,135.8249,459
"Wheat Ridge",2023-02,44,5816.54,132.1941,460
"New Castle",2022-03,23,5812.41,252.7135,461
"Grand Junction",2023-10,43,5791.53,134.6867,462
"Grand Junction",2024-09,43,5791.53,134.6867,462
"Wheat Ridge",2022-12,29,5784.72,199.4731,464
Lafayette,2022-02,25,5760.99,230.4396,465
Englewood,2023-02,28,5759.44,205.6943,466
Boulder,2023-03,50,5756.99,115.1398,467
Berthoud,2024-01,48,5739.29,119.5685,468
"Castle Rock",2022-07,30,5704.87,190.1623,469
"Wheat Ridge",2025-09,59,5697.24,96.5634,470
Sedalia,2023-07,42,5687.64,135.4200,471
Aurora,2023-05,52,5671.29,109.0633,472
Sedalia,2024-06,41,5667.28,138.2263,473
Thornton,2023-05,39,5666.51,145.2951,474
"Castle Rock",2023-05,49,5663.92,115.5902,475
"Castle Rock",2024-04,49,5663.92,115.5902,475
"New Castle",2022-11,25,5662.69,226.5076,477
Sedalia,2025-04,88,5661.45,64.3347,478
Lafayette,2022-08,29,5657.55,195.0879,479
Berthoud,2023-02,44,5656.86,128.5650,480
Loveland,2023-09,33,5655.18,171.3691,481
"Wheat Ridge",2025-04,90,5635.31,62.6146,482
Loveland,2024-01,45,5610.06,124.6680,483
"Castle Rock",2023-10,43,5597.69,130.1788,484
Parker,2025-01,84,5596.88,66.6295,485
"Castle Rock",2025-03,53,5583.40,105.3472,486
Englewood,2023-07,40,5576.32,139.4080,487
Milliken,2023-07,43,5570.42,129.5447,488
Milliken,2024-06,43,5570.42,129.5447,488
"Castle Rock",2022-08,27,5569.91,206.2930,490
Loveland,2023-08,36,5566.97,154.6381,491
Loveland,2024-07,36,5566.97,154.6381,491
"Grand Junction",2024-03,52,5565.80,107.0346,493
Aurora,2024-04,48,5535.79,115.3290,494
Berthoud,2023-03,41,5520.06,134.6356,495
Berthoud,2023-08,33,5504.76,166.8109,496
Berthoud,2024-07,33,5504.76,166.8109,496
Lafayette,2023-07,43,5501.43,127.9402,498
Lafayette,2024-06,43,5501.43,127.9402,498
Berthoud,2023-06,39,5495.08,140.8995,500
Aurora,2024-05,36,5493.47,152.5964,501
Berthoud,2025-06,81,5472.34,67.5598,502
Aurora,2023-06,35,5469.19,156.2626,503
"New Castle",2023-12,45,5455.36,121.2302,504
Berthoud,2024-02,38,5449.75,143.4145,505
Sedalia,2022-08,27,5442.03,201.5567,506
Lafayette,2023-10,44,5435.15,123.5261,507
Lafayette,2024-09,44,5435.15,123.5261,507
Loveland,2022-01,25,5413.95,216.5580,509
"New Castle",2024-11,44,5397.66,122.6741,510
Aurora,2023-12,45,5393.94,119.8653,511
"Grand Junction",2023-04,49,5386.56,109.9298,512
Littleton,2022-07,32,5371.53,167.8603,513
Milliken,2023-05,37,5366.17,145.0316,514
"Wheat Ridge",2024-10,44,5360.89,121.8384,515
Aurora,2024-11,43,5358.38,124.6135,516
"Wheat Ridge",2023-11,43,5358.01,124.6049,517
Englewood,2024-06,39,5357.02,137.3595,518
"Castle Rock",2024-09,42,5332.62,126.9671,519
Milliken,2024-04,35,5332.15,152.3471,520
Littleton,2025-02,40,5330.63,133.2658,521
Lafayette,2023-01,38,5327.95,140.2092,522
Lafayette,2024-12,38,5327.95,140.2092,522
Berthoud,2024-03,51,5318.63,104.2869,524
"New Castle",2023-03,37,5318.61,143.7462,525
Thornton,2024-08,37,5293.91,143.0786,526
Aurora,2025-05,78,5284.19,67.7460,527
Thornton,2023-09,36,5280.78,146.6883,528
Parker,2024-01,46,5276.87,114.7146,529
Thornton,2024-04,38,5273.30,138.7711,530
Englewood,2022-05,27,5270.39,195.1996,531
Parker,2022-02,26,5258.15,202.2365,532
Berthoud,2023-04,49,5255.09,107.2467,533
Milliken,2023-08,54,5226.37,96.7846,534
Milliken,2024-07,54,5226.37,96.7846,534
"Grand Junction",2023-03,41,5194.12,126.6859,536
"New Castle",2022-02,36,5187.31,144.0919,537
Parker,2023-02,42,5183.18,123.4090,538
Aurora,2023-02,46,5176.17,112.5254,539
"Fort Collins",2022-08,25,5173.23,206.9292,540
Thornton,2022-09,27,5168.14,191.4126,541
"New Castle",2022-10,33,5168.00,156.6061,542
Thornton,2023-08,42,5127.83,122.0912,543
Thornton,2024-07,42,5127.83,122.0912,543
"Fort Collins",2022-04,30,5121.92,170.7307,545
Thornton,2024-01,46,5113.83,111.1702,546
Loveland,2023-04,50,5110.29,102.2058,547
Loveland,2024-03,50,5110.29,102.2058,547
Parker,2025-06,79,5101.79,64.5796,549
"Grand Junction",2024-02,37,5095.64,137.7200,550
Boulder,2024-02,46,5070.20,110.2217,551
"Castle Rock",2023-04,51,5063.06,99.2757,552
"Castle Rock",2024-03,51,5063.06,99.2757,552
Thornton,2024-03,39,5062.57,129.8095,554
Parker,2025-02,54,5060.27,93.7087,555
Milliken,2022-03,32,5055.66,157.9894,556
Englewood,2022-03,32,5050.44,157.8263,557
Lafayette,2023-12,47,5032.21,107.0683,558
Lafayette,2024-11,47,5032.21,107.0683,558
Littleton,2023-12,44,5008.51,113.8298,560
Englewood,2022-08,28,4998.61,178.5218,561
Littleton,2023-08,41,4987.30,121.6415,562
Littleton,2024-07,41,4987.30,121.6415,562
Thornton,2023-03,38,4984.80,131.1789,564
Aurora,2022-06,25,4984.51,199.3804,565
"Castle Rock",2023-08,56,4971.59,88.7784,566
"Castle Rock",2024-07,56,4971.59,88.7784,566
Aurora,2022-11,26,4956.00,190.6154,568
Englewood,2025-01,56,4954.22,88.4682,569
"Wheat Ridge",2022-01,30,4945.11,164.8370,570
"Fort Collins",2023-01,39,4944.17,126.7736,571
"Fort Collins",2024-12,39,4944.17,126.7736,571
Milliken,2023-09,41,4943.39,120.5705,573
Milliken,2024-08,41,4943.39,120.5705,573
"Wheat Ridge",2022-05,34,4940.34,145.3041,575
Berthoud,2022-04,28,4928.10,176.0036,576
Littleton,2024-11,41,4927.37,120.1798,577
Lafayette,2022-06,26,4925.23,189.4319,578
Loveland,2025-01,74,4910.02,66.3516,579
Englewood,2022-06,28,4888.08,174.5743,580
Greeley,2022-06,42,4884.26,116.2919,581
"Grand Junction",2025-08,58,4864.77,83.8753,582
Loveland,2023-05,47,4860.14,103.4072,583
Loveland,2024-04,47,4860.14,103.4072,583
"Castle Rock",2025-09,56,4856.59,86.7248,585
Parker,2025-03,66,4831.27,73.2011,586
"Grand Junction",2022-05,34,4824.96,141.9106,587
"Fort Collins",2023-10,43,4818.95,112.0686,588
"Fort Collins",2024-05,51,4815.90,94.4294,589
Parker,2023-07,40,4815.61,120.3903,590
Parker,2024-06,40,4815.61,120.3903,590
"Fort Collins",2024-09,42,4811.95,114.5702,592
"Castle Rock",2022-04,24,4797.55,199.8979,593
Milliken,2023-10,39,4791.04,122.8472,594
Milliken,2024-09,39,4791.04,122.8472,594
Englewood,2024-08,40,4781.75,119.5438,596
Littleton,2022-08,22,4756.10,216.1864,597
Sedalia,2023-12,43,4753.53,110.5472,598
"Wheat Ridge",2023-03,41,4731.18,115.3946,599
Englewood,2023-09,39,4730.79,121.3023,600
Aurora,2023-03,40,4722.54,118.0635,601
Littleton,2023-05,42,4713.18,112.2186,602
Littleton,2025-03,61,4708.61,77.1903,603
"Wheat Ridge",2022-06,30,4696.67,156.5557,604
Loveland,2024-10,40,4688.73,117.2183,605
Englewood,2023-10,48,4687.25,97.6510,606
Loveland,2023-11,39,4682.73,120.0700,607
Littleton,2024-04,40,4679.79,116.9948,608
Thornton,2023-04,38,4669.36,122.8779,609
"Wheat Ridge",2023-07,41,4667.94,113.8522,610
"Wheat Ridge",2024-06,41,4667.94,113.8522,610
"Fort Collins",2022-02,23,4656.78,202.4687,612
"New Castle",2024-02,34,4651.44,136.8071,613
Boulder,2023-07,41,4644.81,113.2880,614
Englewood,2024-09,47,4636.29,98.6445,615
"Wheat Ridge",2023-08,46,4627.42,100.5961,616
"Wheat Ridge",2024-07,46,4627.42,100.5961,616
Loveland,2023-02,34,4611.49,135.6321,618
Thornton,2024-05,37,4610.94,124.6200,619
Parker,2022-05,26,4610.18,177.3146,620
"Fort Collins",2023-04,45,4609.61,102.4358,621
"Fort Collins",2024-03,45,4609.61,102.4358,621
Milliken,2022-07,27,4578.12,169.5600,623
Parker,2022-03,24,4577.34,190.7225,624
Englewood,2022-12,29,4573.94,157.7221,625
Parker,2022-11,25,4554.97,182.1988,626
"Castle Rock",2022-05,28,4549.94,162.4979,627
Sedalia,2024-11,42,4544.29,108.1974,628
Milliken,2022-10,34,4527.28,133.1553,629
Sedalia,2023-01,33,4498.14,136.3073,630
Sedalia,2024-12,33,4498.14,136.3073,630
Thornton,2022-07,28,4497.91,160.6396,632
Aurora,2024-08,37,4490.81,121.3732,633
"Grand Junction",2024-01,37,4480.41,121.0922,634
"Wheat Ridge",2023-01,36,4479.06,124.4183,635
"Wheat Ridge",2024-12,36,4479.06,124.4183,635
"Wheat Ridge",2022-04,27,4478.59,165.8737,637
Boulder,2024-06,39,4476.30,114.7769,638
Milliken,2022-04,26,4465.93,171.7665,639
Aurora,2023-09,36,4464.41,124.0114,640
Littleton,2025-05,87,4434.99,50.9769,641
Boulder,2023-10,41,4432.84,108.1180,642
Thornton,2023-02,42,4424.16,105.3371,643
"Grand Junction",2023-12,41,4370.93,106.6080,644
Boulder,2025-02,47,4348.65,92.5245,645
Loveland,2022-07,36,4328.70,120.2417,646
"Grand Junction",2024-11,40,4313.23,107.8308,647
Littleton,2022-12,30,4312.62,143.7540,648
Thornton,2024-02,35,4304.22,122.9777,649
Sedalia,2022-11,16,4291.24,268.2025,650
Boulder,2024-09,39,4283.28,109.8277,651
Milliken,2024-01,50,4274.18,85.4836,652
Berthoud,2022-01,25,4272.12,170.8848,653
"Grand Junction",2023-02,31,4268.82,137.7039,654
Parker,2023-06,39,4261.38,109.2662,655
Parker,2024-05,39,4261.38,109.2662,655
Littleton,2023-03,42,4249.46,101.1776,657
"New Castle",2024-10,46,4240.41,92.1828,658
Milliken,2022-11,29,4236.77,146.0955,659
"Wheat Ridge",2023-10,36,4233.10,117.5861,660
"Wheat Ridge",2024-03,41,4220.12,102.9298,661
"Fort Collins",2025-05,76,4218.06,55.5008,662
Berthoud,2023-12,42,4208.01,100.1907,663
Sedalia,2022-03,26,4195.28,161.3569,664
"New Castle",2023-11,45,4182.71,92.9491,665
Littleton,2022-02,28,4168.41,148.8718,666
Parker,2023-12,37,4160.25,112.4392,667
"Fort Collins",2023-05,40,4159.64,103.9910,668
"Fort Collins",2024-04,40,4159.64,103.9910,668
Littleton,2024-02,39,4156.11,106.5669,670
"Wheat Ridge",2023-04,39,4138.62,106.1185,671
Berthoud,2024-11,41,4133.51,100.8173,672
"New Castle",2023-08,37,4129.29,111.6024,673
"New Castle",2024-07,37,4129.29,111.6024,673
"Castle Rock",2025-02,56,4125.93,73.6773,675
"New Castle",2024-03,52,4115.55,79.1452,676
Parker,2024-11,36,4112.64,114.2400,677
"Grand Junction",2022-12,32,4096.18,128.0056,678
"New Castle",2023-04,51,4085.39,80.1057,679
Milliken,2024-10,42,4082.96,97.2133,680
Loveland,2022-06,27,4060.20,150.3778,681
Littleton,2022-03,31,4059.65,130.9565,682
Berthoud,2022-02,30,4039.62,134.6540,683
Boulder,2022-01,35,4015.72,114.7349,684
Aurora,2022-01,35,4011.09,114.6026,685
Milliken,2023-02,46,4004.16,87.0470,686
Parker,2022-09,27,3989.42,147.7563,687
Littleton,2022-05,25,3982.28,159.2912,688
"New Castle",2022-08,29,3974.31,137.0452,689
Thornton,2022-06,34,3956.92,116.3800,690
Aurora,2022-12,29,3936.25,135.7328,691
Aurora,2022-04,26,3934.64,151.3323,692
Milliken,2023-11,40,3918.20,97.9550,693
"Wheat Ridge",2024-09,34,3901.58,114.7524,694
Thornton,2023-06,35,3895.93,111.3123,695
"Grand Junction",2022-10,25,3882.52,155.3008,696
Sedalia,2024-10,48,3880.51,80.8440,697
Thornton,2022-04,25,3871.01,154.8404,698
"New Castle",2023-10,40,3851.27,96.2818,699
Aurora,2024-02,37,3850.01,104.0543,700
Littleton,2022-09,29,3839.29,132.3893,701
Loveland,2022-04,25,3823.71,152.9484,702
"New Castle",2024-09,38,3803.67,100.0966,703
"Fort Collins",2024-01,51,3785.88,74.2329,704
Berthoud,2022-05,22,3740.88,170.0400,705
Littleton,2022-11,33,3715.53,112.5918,706
Sedalia,2025-08,51,3710.25,72.7500,707
"New Castle",2022-05,31,3705.45,119.5306,708
"Grand Junction",2023-05,40,3701.64,92.5410,709
Boulder,2024-05,36,3687.82,102.4394,710
Littleton,2022-01,26,3684.55,141.7135,711
Sedalia,2023-11,47,3671.27,78.1121,712
Lafayette,2022-07,27,3667.75,135.8426,713
Berthoud,2022-12,24,3663.74,152.6558,714
"Grand Junction",2022-06,29,3659.87,126.2024,715
Parker,2023-10,37,3649.67,98.6397,716
Littleton,2024-01,40,3646.14,91.1535,717
Milliken,2022-06,22,3638.06,165.3664,718
Berthoud,2022-03,27,3622.94,134.1830,719
"Fort Collins",2023-02,47,3618.50,76.9894,720
Loveland,2023-01,32,3612.63,112.8947,721
Loveland,2024-12,32,3612.63,112.8947,721
Sedalia,2022-02,28,3602.39,128.6568,723
"Grand Junction",2022-11,30,3602.33,120.0777,724
Berthoud,2022-08,31,3600.27,116.1377,725
Berthoud,2022-09,29,3592.14,123.8669,726
Berthoud,2024-10,37,3573.83,96.5900,727
Thornton,2023-12,36,3545.28,98.4800,728
Loveland,2022-05,27,3538.40,131.0519,729
Thornton,2024-11,35,3535.18,101.0051,730
Parker,2024-09,36,3523.49,97.8747,731
"Grand Junction",2024-04,37,3522.40,95.2000,732
Boulder,2023-06,34,3519.31,103.5091,733
Boulder,2022-05,27,3509.06,129.9652,734
Berthoud,2023-11,36,3499.33,97.2036,735
"New Castle",2024-05,48,3490.10,72.7104,736
Sedalia,2024-05,37,3488.73,94.2900,737
Sedalia,2022-06,28,3487.32,124.5471,738
Aurora,2022-02,33,3483.86,105.5715,739
Sedalia,2023-06,36,3468.37,96.3436,740
Lafayette,2022-01,25,3464.39,138.5756,741
Englewood,2024-05,40,3463.69,86.5923,742
Aurora,2022-08,31,3448.30,111.2355,743
"New Castle",2023-06,46,3447.80,74.9522,744
Loveland,2022-08,27,3435.98,127.2585,745
Berthoud,2023-05,32,3433.87,107.3084,746
"Fort Collins",2022-01,29,3416.09,117.7962,747
Lafayette,2022-11,27,3409.08,126.2622,748
Loveland,2023-06,40,3401.94,85.0485,749
Loveland,2024-05,40,3401.94,85.0485,749
"New Castle",2022-04,27,3389.60,125.5407,751
Thornton,2022-10,26,3377.39,129.8996,752
"Castle Rock",2023-12,40,3373.40,84.3350,753
Berthoud,2024-04,30,3370.33,112.3443,754
Milliken,2022-08,28,3361.73,120.0618,755
Parker,2023-05,35,3361.42,96.0406,756
Parker,2024-04,35,3361.42,96.0406,756
"Fort Collins",2023-12,45,3329.90,73.9978,758
"Fort Collins",2024-11,45,3329.90,73.9978,758
Littleton,2023-02,34,3323.51,97.7503,760
"New Castle",2022-09,28,3299.69,117.8461,761
Thornton,2022-03,22,3296.44,149.8382,762
Littleton,2022-06,22,3288.36,149.4709,763
Thornton,2022-12,28,3287.20,117.4000,764
"Castle Rock",2022-10,24,3286.22,136.9258,765
Englewood,2023-03,28,3278.07,117.0739,766
"New Castle",2022-06,21,3262.46,155.3552,767
Boulder,2022-07,30,3257.08,108.5693,768
Parker,2022-01,23,3255.67,141.5509,769
Berthoud,2022-06,21,3248.38,154.6848,770
Englewood,2023-06,39,3244.39,83.1895,771
Boulder,2022-10,29,3197.30,110.2517,772
"Castle Rock",2024-11,38,3181.05,83.7118,773
"Fort Collins",2022-10,26,3168.55,121.8673,774
Thornton,2022-05,34,3167.21,93.1532,775
Littleton,2022-04,27,3160.01,117.0374,776
"New Castle",2022-01,28,3156.59,112.7354,777
"Grand Junction",2023-09,35,3141.60,89.7600,778
"Grand Junction",2024-08,35,3141.60,89.7600,778
"Grand Junction",2022-02,19,3119.67,164.1932,780
Aurora,2022-09,32,3102.97,96.9678,781
Parker,2023-03,39,3084.33,79.0854,782
Englewood,2024-02,25,3075.55,123.0220,783
"Fort Collins",2022-07,31,3054.70,98.5387,784
"Wheat Ridge",2022-02,25,3043.46,121.7384,785
Milliken,2022-05,23,3029.61,131.7222,786
Boulder,2022-09,31,3015.57,97.2765,787
Milliken,2023-01,41,3013.31,73.4954,788
Milliken,2024-12,41,3013.31,73.4954,788
Parker,2024-02,37,3005.49,81.2295,790
"Wheat Ridge",2022-10,35,2998.49,85.6711,791
Thornton,2022-01,27,2970.66,110.0244,792
Berthoud,2022-07,22,2963.11,134.6868,793
Lafayette,2022-04,25,2960.10,118.4040,794
"Wheat Ridge",2024-02,36,2927.30,81.3139,795
"Wheat Ridge",2022-08,23,2907.33,126.4057,796
"Fort Collins",2023-06,48,2895.56,60.3242,797
"Castle Rock",2022-12,31,2872.95,92.6758,798
Sedalia,2022-09,23,2861.29,124.4039,799
"Fort Collins",2024-08,42,2840.50,67.6310,800
"Fort Collins",2023-09,41,2833.50,69.1098,801
Littleton,2024-10,43,2822.45,65.6384,802
Loveland,2022-02,30,2787.91,92.9303,803
Berthoud,2022-10,21,2775.06,132.1457,804
Littleton,2022-10,26,2772.50,106.6346,805
"Castle Rock",2022-01,22,2770.37,125.9259,806
Littleton,2023-11,40,2741.31,68.5328,807
Parker,2022-04,33,2692.04,81.5770,808
"Fort Collins",2022-03,28,2679.21,95.6861,809
Thornton,2022-08,27,2672.12,98.9674,810
"Wheat Ridge",2022-11,24,2646.25,110.2604,811
Parker,2022-08,28,2619.25,93.5446,812
Lafayette,2023-03,43,2613.06,60.7688,813
Milliken,2022-12,24,2611.71,108.8213,814
Lafayette,2022-12,32,2589.42,80.9194,815
Lafayette,2024-02,41,2583.60,63.0146,816
Berthoud,2022-11,19,2576.12,135.5853,817
Boulder,2022-02,28,2530.45,90.3732,818
Loveland,2022-11,28,2517.33,89.9046,819
"Wheat Ridge",2022-03,30,2509.43,83.6477,820
Boulder,2022-12,23,2509.38,109.1035,821
"Castle Rock",2024-01,31,2502.89,80.7384,822
"Castle Rock",2022-03,24,2482.86,103.4525,823
Lafayette,2022-10,38,2456.09,64.6339,824
Parker,2022-12,24,2440.23,101.6763,825
"Castle Rock",2023-02,27,2409.95,89.2574,826
Thornton,2022-02,31,2407.46,77.6600,827
Littleton,2023-07,42,2388.94,56.8795,828
"Fort Collins",2022-11,28,2363.81,84.4218,829
Sedalia,2022-12,30,2355.62,78.5207,830
"Fort Collins",2022-09,30,2319.47,77.3157,831
"Castle Rock",2022-09,24,2308.58,96.1908,832
Aurora,2022-05,29,2308.23,79.5941,833
Littleton,2024-06,39,2306.34,59.1369,834
Sedalia,2022-01,28,2304.22,82.2936,835
"Wheat Ridge",2022-09,24,2302.33,95.9304,836
Lafayette,2023-08,37,2284.95,61.7554,837
Lafayette,2024-07,37,2284.95,61.7554,837
"Castle Rock",2022-11,20,2224.64,111.2320,839
Lafayette,2022-03,22,2220.23,100.9195,840
"Wheat Ridge",2022-07,28,2217.29,79.1889,841
"Grand Junction",2022-03,28,2183.37,77.9775,842
Sedalia,2022-05,22,2170.47,98.6577,843
"Grand Junction",2022-01,26,2169.30,83.4346,844
"Wheat Ridge",2023-12,44,2153.20,48.9364,845
"Wheat Ridge",2024-11,43,2150.32,50.0074,846
Sedalia,2022-10,32,2133.83,66.6822,847
Boulder,2022-11,28,2119.20,75.6857,848
Loveland,2022-12,21,2012.61,95.8386,849
Sedalia,2022-04,23,1923.82,83.6443,850
Milliken,2022-01,28,1883.86,67.2807,851
"Castle Rock",2022-02,25,1883.08,75.3232,852
Thornton,2022-11,19,1831.94,96.4179,853
"New Castle",2022-12,24,1807.47,75.3113,854
Englewood,2022-11,25,1770.95,70.8380,855
"New Castle",2022-07,23,1740.98,75.6948,856
Boulder,2022-06,26,1693.98,65.1531,857
Loveland,2022-10,28,1679.98,59.9993,858
Boulder,2022-08,31,1667.60,53.7935,859
Loveland,2022-03,28,1592.40,56.8714,860
"Grand Junction",2022-09,29,1555.64,53.6428,861
"Grand Junction",2022-08,26,1493.62,57.4469,862
Aurora,2022-07,20,1386.48,69.3240,863
Milliken,2022-02,20,1222.07,61.1035,864
